Key,File,Type,UsedInMainMenu,NoTranslate,english

zombiePrisonerVariantHelper,blocks,Block,,,"Steve the Zombie [e599e4](FHD)[-]"
decoMannequinVariantHelper,blocks,Block,,,"Decorative Mannequin Variants [e599e4](FHD)[-]"
wheelchairVariantHelper,blocks,Block,,,"Wheelchair Variants [e599e4](FHD)[-]"
candiePosterSonjaVariantHelper,blocks,Block,,,"Candie & Food Posters [e599e4](FHD)[-]"
petsPosterSonjaVariantHelper,blocks,Block,,,"Pets Poster Variants [e599e4](FHD)[-]"
targetPosterVariantHelper,blocks,Block,,,"Shooting Range Target Posters [e599e4](FHD)[-]"
screenCurtainDividerVariantHelper,blocks,Block,,,"Screen Curtain Variants [e599e4](FHD)[-]"
decoCarTireSonjaVariantHelper,blocks,Block,,,"Decorative Tires Variants [e599e4](FHD)[-]"
bunkBedSonjaVariantHelper,blocks,Block,,,"Bunk Bed Variants [e599e4](FHD)[-]"
bunkBedMadeSonja,blocks,Block,,,"Bunk Bed [e599e4](FHD)[-]"
bunkBedMattressSonja,blocks,Block,,,"Bunk Bed [e599e4](FHD)[-]"
trophySonjaVariantHelper,blocks,Block,,,"Brass Trophy Variants [e599e4](FHD)[-]"
umbrellaSonjaVariantHelper,blocks,Block,,,"Cute Umbrella Variants [e599e4](FHD)[-]"
curtainDrapesSonjaVariantHelper,blocks,Block,,,"Curtain Variants [e599e4](FHD)[-]"
decoPoolTableSonjaVariantHelper,blocks,Block,,,"Pool Table Color Variants [e599e4](FHD)[-]"
barrierPlasticSonjaVariantHelper,blocks,Block,,,"Plastic Barrier Variants [e599e4](FHD)[-]"
signBathroomSonjaVariantHelper,blocks,Block,,,"Bathroom Signs Variants [e599e4](FHD)[-]"
bulletinBoardSonjaVariantHelper,blocks,Block,,,"Bulletin Board Variants [e599e4](FHD)[-]"
tentCustomSonjaVariantHelper,blocks,Block,,,"Tent Construction Kit [e599e4](FHD)[-]"
hangingCorpseSonjaVariantHelper,blocks,Block,,,"Hanging Corpse Variants [e599e4](FHD)[-]"
fireplaceSonjaKitPart01,blocks,Block,,,"Modular Fireplace Kit Part 1 [e599e4](FHD)[-]"
fireplaceSonjaKitPart02,blocks,Block,,,"Modular Fireplace Kit Part 2 [e599e4](FHD)[-]"
fireplaceSonjaKitPartsVariant,blocks,Block,,,"Modular Fireplace Kit [e599e4](FHD)[-]"
fireplaceSonjaKitPartsVariantDesc,blocks,Block,,,"Modular Fireplace Kit, includes:\nPart 1: Burning barrel that generates no heat, place it one block below intended level for the fireplace.\nPart 2: Decorative Firewood, place it on top of Part 1.\n\nHold R to select the part you want to place."
decoVehicleVanillaSonjaVariantHelper,blocks,Block,,,"Decorative Vehicle Variants [e599e4](FHD)[-]"
decoVehicleVanillaSonjaDesc,blocks,Block,,,"Decorative Vehicle, you cannot drive it, but it looks cool and it does not explode"
controlPanelSuperVillainSonjaVariantHelper,blocks,Block,,,"Super Villain Terminal Variants [e599e4](FHD)[-]"
horseshoeSonjaVariantHelper,blocks,Block,,,"Horseshoe Variants [e599e4](FHD)[-]"
decoPlantsSonjaVariantHelper,blocks,Block,,,"Deco Vegetation Variants [e599e4](FHD)[-]"
modularRopeSonjaVariantHelper,blocks,Block,,,"Modular Ropes [e599e4](FHD)[-]"
decoWineSonjaVariantHelper,blocks,Block,,,"Decorative Bottles [e599e4](FHD)[-]"

sectionalLeatherChair,blocks,Block,,,"Sectional Leather Chair [e599e4](FHD)[-]"
sectionalPlaidChair,blocks,Block,,,"Sectional Plaid Chair [e599e4](FHD)[-]"
parkBenchSonjaVariantHelper,blocks,Block,,,"Classic Bench Variants [e599e4](FHD)[-]"
restaurantBoothSonjaVariantHelper,blocks,Block,,,"Restaurant Booth Variants [e599e4](FHD)[-]"
theaterSeatSonjaVariantHelper,blocks,Block,,,"Theater Seats Variants [e599e4](FHD)[-]"

bicycleDecoSonjaVariantHelper,blocks,Block,,,"Decorative Bicycle Variants [e599e4](FHD)[-]"
bicycleDecoSonjaVariantHelperDesc,blocks,Block,,,"Decorative Bicycle Variants.\n\nHang it on a wall or wherever you want"
bicycleDecoSonja,blocks,Block,,,"Decorative Bicycle [e599e4](FHD)[-]"
bicycleDecoRedSonja,blocks,Block,,,"Decorative Bicycle [e599e4](FHD)[-]"
bicycleDecoOrangeSonja,blocks,Block,,,"Decorative Bicycle [e599e4](FHD)[-]"
bicycleDecoYellowSonja,blocks,Block,,,"Decorative Bicycle [e599e4](FHD)[-]"
bicycleDecoGreenSonja,blocks,Block,,,"Decorative Bicycle [e599e4](FHD)[-]"
bicycleDecoBlueSonja,blocks,Block,,,"Decorative Bicycle [e599e4](FHD)[-]"
bicycleDecoPurpleSonja,blocks,Block,,,"Decorative Bicycle [e599e4](FHD)[-]"
bicycleDecoBlackSonja,blocks,Block,,,"Decorative Bicycle [e599e4](FHD)[-]"
bicycleDecoPinkSonja,blocks,Block,,,"Decorative Bicycle [e599e4](FHD)[-]"
motorcycleDecoSonjaVariantHelper,blocks,Block,,,"Decorative Motorcycle Variants [e599e4](FHD)[-]"
motorcycleDecoSonjaVariantHelperDesc,blocks,Block,,,"Decorative Motorcycle Variants.\n\nYou cannot ride it but it looks awesome, doesn't it?"
motorcycleDecoSonja,blocks,Block,,,"Decorative Motorcycle [e599e4](FHD)[-]"
motorcycleDecoRedSonja,blocks,Block,,,"Decorative Motorcycle [e599e4](FHD)[-]"
motorcycleDecoOrangeSonja,blocks,Block,,,"Decorative Motorcycle [e599e4](FHD)[-]"
motorcycleDecoYellowSonja,blocks,Block,,,"Decorative Motorcycle [e599e4](FHD)[-]"
motorcycleDecoGreenSonja,blocks,Block,,,"Decorative Motorcycle [e599e4](FHD)[-]"
motorcycleDecoBlueSonja,blocks,Block,,,"Decorative Motorcycle [e599e4](FHD)[-]"
motorcycleDecoPurpleSonja,blocks,Block,,,"Decorative Motorcycle [e599e4](FHD)[-]"
motorcycleDecoBlackSonja,blocks,Block,,,"Decorative Motorcycle [e599e4](FHD)[-]"
motorcycleDecoPinkSonja,blocks,Block,,,"Decorative Motorcycle [e599e4](FHD)[-]"
4x4DecoSonjaVariantHelper,blocks,Block,,,"Decorative 4x4 Variants [e599e4](FHD)[-]"
4x4DecoSonjaVariantHelperDesc,blocks,Block,,,"Decorative 4x4 Variants.\n\nYou cannot drive it but it looks awesome, doesn't it?"
4x4DecoSonja,blocks,Block,,,"Decorative 4x4 [e599e4](FHD)[-]"
4x4DecoRedSonja,Block,,,"Decorative 4x4 [e599e4](FHD)[-]"
4x4DecoOrangeSonja,blocks,Block,,,"Decorative 4x4 [e599e4](FHD)[-]"
4x4DecoYellowSonja,blocks,Block,,,"Decorative 4x4 [e599e4](FHD)[-]"
4x4DecoGreenSonja,blocks,Block,,,"Decorative 4x4 [e599e4](FHD)[-]"
4x4DecoBlueSonja,blocks,Block,,,"Decorative 4x4 [e599e4](FHD)[-]"
4x4DecoPurpleSonja,blocks,Block,,,"Decorative 4x4 [e599e4](FHD)[-]"
4x4DecoBlackSonja,blocks,Block,,,"Decorative 4x4 [e599e4](FHD)[-]"
4x4DecoPinkSonja,blocks,Block,,,"Decorative 4x4 [e599e4](FHD)[-]"
gyrocopterDecoSonjaVariantHelper,blocks,Block,,,"Decorative Gyrocopter Variants [e599e4](FHD)[-]"
gyrocopterDecoSonjaVariantHelperDesc,blocks,Block,,,"Decorative Gyrocopter Variants.\n\nIt does not fly, so no risk to jump off and break a leg or crash it."
gyrocopterDecoSonja,blocks,Block,,,"Decorative Gyrocopter [e599e4](FHD)[-]"
gyrocopterDecoRedSonja,blocks,Block,,,"Decorative Gyrocopter [e599e4](FHD)[-]"
gyrocopterDecoOrangeSonja,blocks,Block,,,"Decorative Gyrocopter [e599e4](FHD)[-]"
gyrocopterDecoYellowSonja,blocks,Block,,,"Decorative Gyrocopter [e599e4](FHD)[-]"
gyrocopterDecoGreenSonja,blocks,Block,,,"Decorative Gyrocopter [e599e4](FHD)[-]"
gyrocopterDecoBlueSonja,blocks,Block,,,"Decorative Gyrocopter [e599e4](FHD)[-]"
gyrocopterDecoPurpleSonja,blocks,Block,,,"Decorative Gyrocopter [e599e4](FHD)[-]"
gyrocopterDecoBlackSonja,blocks,Block,,,"Decorative Gyrocopter [e599e4](FHD)[-]"
gyrocopterDecoPinkSonja,blocks,Block,,,"Decorative Gyrocopter [e599e4](FHD)[-]"


decoVehicleVanillaSonjaDesc,blocks,Block,"Decorative Vehicle, you cannot drive it, but it looks cool and it does not explode"
decoVehicleSedanPurpleSonja,blocks,Block,"Decorative Vehicle [e599e4](FHD)[-]"
decoVehicleSedanGreySonja,blocks,Block,"Decorative Vehicle [e599e4](FHD)[-]"
decoVehicleSedanBlackSonja,blocks,Block,"Decorative Vehicle [e599e4](FHD)[-]"
decoVehicleSedanPinkSonja,blocks,Block,"Decorative Vehicle [e599e4](FHD)[-]"


extHouseDoorSonjaVariantHelper,blocks,Block,,,"Exterior Doors [e599e4](FHD)[-]"
exteriorHouseDoorWhiteSonja,blocks,Block,,,"Exterior Door [e599e4](FHD)[-]"
exteriorHouseDoorBrownSonja,blocks,Block,,,"Exterior Door [e599e4](FHD)[-]"
exteriorHouseDoorRedSonja,blocks,Block,,,"Exterior Door [e599e4](FHD)[-]"
exteriorHouseDoorOrangeSonja,blocks,Block,,,"Exterior Door [e599e4](FHD)[-]"
exteriorHouseDoorYellowSonja,blocks,Block,,,"Exterior Door [e599e4](FHD)[-]"
exteriorHouseDoorGreenSonja,blocks,Block,,,"Exterior Door [e599e4](FHD)[-]"
exteriorHouseDoorBlueSonja,blocks,Block,,,"Exterior Door [e599e4](FHD)[-]"
exteriorHouseDoorPurpleSonja,blocks,Block,,,"Exterior Door [e599e4](FHD)[-]"
exteriorHouseDoorPurpleSonja,blocks,Block,,,"Exterior Door [e599e4](FHD)[-]"
exteriorHouseDoorGreySonja,blocks,Block,,,"Exterior Door [e599e4](FHD)[-]"
exteriorHouseDoorPinkSonja,blocks,Block,,,"Exterior Door [e599e4](FHD)[-]"
exteriorHouseDoorOakSonja,blocks,Block,,,"Exterior Door [e599e4](FHD)[-]"

extHouseDoorDoubleSonjaVariantHelper,blocks,Block,,,"Exterior Double Doors [e599e4](FHD)[-]"
exteriorHouseDoorDoubleWhiteSonja,blocks,Block,,,"Exterior Double Door [e599e4](FHD)[-]"
exteriorHouseDoorDoubleBrownSonja,blocks,Block,,,"Exterior Double Door [e599e4](FHD)[-]"
exteriorHouseDoorDoubleRedSonja,blocks,Block,,,"Exterior Double Door [e599e4](FHD)[-]"
exteriorHouseDoorDoubleOrangeSonja,blocks,Block,,,"Exterior Double Door [e599e4](FHD)[-]"
exteriorHouseDoorDoubleYellowSonja,blocks,Block,,,"Exterior Double Door [e599e4](FHD)[-]"
exteriorHouseDoorDoubleGreenSonja,blocks,Block,,,"Exterior Double Door [e599e4](FHD)[-]"
exteriorHouseDoorDoubleBlueSonja,blocks,Block,,,"Exterior Double Door [e599e4](FHD)[-]"
exteriorHouseDoorDoublePurpleSonja,blocks,Block,,,"Exterior Double Door [e599e4](FHD)[-]"
exteriorHouseDoorDoublePurpleSonja,blocks,Block,,,"Exterior Double Door [e599e4](FHD)[-]"
exteriorHouseDoorDoubleGreySonja,blocks,Block,,,"Exterior Double Door [e599e4](FHD)[-]"
exteriorHouseDoorDoublePinkSonja,blocks,Block,,,"Exterior Double Door [e599e4](FHD)[-]"
exteriorHouseDoorDoubleOakSonja,blocks,Block,,,"Exterior Double Door [e599e4](FHD)[-]"

frenchDoorSonjaVariantHelper,blocks,Block,,,"French Doors [e599e4](FHD)[-]"
frenchDoorWhiteSonja,blocks,Block,,,"French Door [e599e4](FHD)[-]"
frenchDoorBrownSonja,blocks,Block,,,"French Door [e599e4](FHD)[-]"
frenchDoorRedSonja,blocks,Block,,,"French Door [e599e4](FHD)[-]"
frenchDoorOrangeSonja,blocks,Block,,,"French Door [e599e4](FHD)[-]"
frenchDoorYellowSonja,blocks,Block,,,"French Door [e599e4](FHD)[-]"
frenchDoorGreenSonja,blocks,Block,,,"French Door [e599e4](FHD)[-]"
frenchDoorBlueSonja,blocks,Block,,,"French Door [e599e4](FHD)[-]"
frenchDoorPurpleSonja,blocks,Block,,,"French Door [e599e4](FHD)[-]"
frenchDoorGreySonja,blocks,Block,,,"French Door [e599e4](FHD)[-]"
frenchDoorPinkSonja,blocks,Block,,,"French Door [e599e4](FHD)[-]"
frenchDoorOakSonja,blocks,Block,,,"French Door [e599e4](FHD)[-]"

frenchDoorDoubleSonjaVariantHelper,blocks,Block,,,"French Double Doors [e599e4](FHD)[-]"
frenchDoorDoubleWhiteSonja,blocks,Block,,,"French Double Door [e599e4](FHD)[-]"
frenchDoorDoubleBrownSonja,blocks,Block,,,"French Double Door [e599e4](FHD)[-]"
frenchDoorDoubleRedSonja,blocks,Block,,,"French Double Door [e599e4](FHD)[-]"
frenchDoorDoubleOrangeSonja,blocks,Block,,,"French Double Door [e599e4](FHD)[-]"
frenchDoorDoubleYellowSonja,blocks,Block,,,"French Double Door [e599e4](FHD)[-]"
frenchDoorDoubleGreenSonja,blocks,Block,,,"French Double Door [e599e4](FHD)[-]"
frenchDoorDoubleBlueSonja,blocks,Block,,,"French Double Door [e599e4](FHD)[-]"
frenchDoorDoublePurpleSonja,blocks,Block,,,"French Double Door [e599e4](FHD)[-]"
frenchDoorDoubleGreySonja,blocks,Block,,,"French Double Door [e599e4](FHD)[-]"
frenchDoorDoublePinkSonja,blocks,Block,,,"French Double Door [e599e4](FHD)[-]"
frenchDoorDoubleOakSonja,blocks,Block,,,"French Double Door [e599e4](FHD)[-]"

intHouseDoorSonjaVariantHelper,blocks,Block,,,"Interior Doors [e599e4](FHD)[-]"
interiorHouseDoorWhiteSonja,blocks,Block,,,"Interior Door [e599e4](FHD)[-]"
interiorHouseDoorBrownSonja,blocks,Block,,,"Interior Door [e599e4](FHD)[-]"
interiorHouseDoorRedSonja,blocks,Block,,,"Interior Door [e599e4](FHD)[-]"
interiorHouseDoorOrangeSonja,blocks,Block,,,"Interior Door [e599e4](FHD)[-]"
interiorHouseDoorYellowSonja,blocks,Block,,,"Interior Door [e599e4](FHD)[-]"
interiorHouseDoorGreenSonja,blocks,Block,,,"Interior Door [e599e4](FHD)[-]"
interiorHouseDoorBlueSonja,blocks,Block,,,"Interior Door [e599e4](FHD)[-]"
interiorHouseDoorPurpleSonja,blocks,Block,,,"Interior Door [e599e4](FHD)[-]"
interiorHouseDoorGreySonja,blocks,Block,,,"Interior Door [e599e4](FHD)[-]"
interiorHouseDoorOakSonja,blocks,Block,,,"Interior Door [e599e4](FHD)[-]"

intHouseDoorDoubleSonjaVariantHelper,blocks,Block,,,"Interior Double Doors [e599e4](FHD)[-]"
interiorHouseDoorDoubleWhiteSonja,blocks,Block,,,"Interior Double Door [e599e4](FHD)[-]"
interiorHouseDoorDoubleBrownSonja,blocks,Block,,,"Interior Double Door [e599e4](FHD)[-]"
interiorHouseDoorDoubleRedSonja,blocks,Block,,,"Interior Double Door [e599e4](FHD)[-]"
interiorHouseDoorDoubleOrangeSonja,blocks,Block,,,"Interior Double Door [e599e4](FHD)[-]"
interiorHouseDoorDoubleYellowSonja,blocks,Block,,,"Interior Double Door [e599e4](FHD)[-]"
interiorHouseDoorDoubleGreenSonja,blocks,Block,,,"Interior Double Door [e599e4](FHD)[-]"
interiorHouseDoorDoubleBlueSonja,blocks,Block,,,"Interior Double Door [e599e4](FHD)[-]"
interiorHouseDoorDoublePurpleSonja,blocks,Block,,,"Interior Double Door [e599e4](FHD)[-]"
interiorHouseDoorDoubleGreySonja,blocks,Block,,,"Interior Double Door [e599e4](FHD)[-]"
interiorHouseDoorDoubleOakSonja,blocks,Block,,,"Interior Double Door [e599e4](FHD)[-]"

tallCabinetDoorSonjaVariantHelper,blocks,Block,,,"Cabinet Doors [e599e4](FHD)[-]"
tallCabinetDoorWhiteSonja,blocks,Block,,,"Cabinet Door [e599e4](FHD)[-]"
tallCabinetDoorBrownSonja,blocks,Block,,,"Cabinet Door [e599e4](FHD)[-]"
tallCabinetDoorRedSonja,blocks,Block,,,"Cabinet Door [e599e4](FHD)[-]"
tallCabinetDoorOrangeSonja,blocks,Block,,,"Cabinet Door [e599e4](FHD)[-]"
tallCabinetDoorYellowSonja,blocks,Block,,,"Cabinet Door [e599e4](FHD)[-]"
tallCabinetDoorGreenSonja,blocks,Block,,,"Cabinet Door [e599e4](FHD)[-]"
tallCabinetDoorBlueSonja,blocks,Block,,,"Cabinet Door [e599e4](FHD)[-]"
tallCabinetDoorPurpleSonja,blocks,Block,,,"Cabinet Door [e599e4](FHD)[-]"
tallCabinetDoorGreySonja,blocks,Block,,,"Cabinet Door [e599e4](FHD)[-]"
tallCabinetDoorBlackSonja,blocks,Block,,,"Cabinet Door [e599e4](FHD)[-]"
tallCabinetDoorPinkSonja,blocks,Block,,,"Cabinet Door [e599e4](FHD)[-]"

closetDoorSonjaVariantHelper,blocks,Block,,,"Closet Doors [e599e4](FHD)[-]"
closetDoorWhiteSonja,blocks,Block,,,"Closet Door [e599e4](FHD)[-]"
closetDoorBrownSonja,blocks,Block,,,"Closet Door [e599e4](FHD)[-]"
closetDoorRedSonja,blocks,Block,,,"Closet Door [e599e4](FHD)[-]"
closetDoorOrangeSonja,blocks,Block,,,"Closet Door [e599e4](FHD)[-]"
closetDoorYellowSonja,blocks,Block,,,"Closet Door [e599e4](FHD)[-]"
closetDoorGreenSonja,blocks,Block,,,"Closet Door [e599e4](FHD)[-]"
closetDoorBlueSonja,blocks,Block,,,"Closet Door [e599e4](FHD)[-]"
closetDoorPurpleSonja,blocks,Block,,,"Closet Door [e599e4](FHD)[-]"
closetDoorGreySonja,blocks,Block,,,"Closet Door [e599e4](FHD)[-]"
closetDoorPinkSonja,blocks,Block,,,"Closet Door [e599e4](FHD)[-]"

closetDoorDoubleSonjaVariantHelper,blocks,Block,,,"Closet Double Doors [e599e4](FHD)[-]"
closetDoorDoubleWhiteSonja,blocks,Block,,,"Closet Double Door [e599e4](FHD)[-]"
closetDoorDoubleBrownSonja,blocks,Block,,,"Closet Double Door [e599e4](FHD)[-]"
closetDoorDoubleRedSonja,blocks,Block,,,"Closet Double Door [e599e4](FHD)[-]"
closetDoorDoubleOrangeSonja,blocks,Block,,,"Closet Double Door [e599e4](FHD)[-]"
closetDoorDoubleYellowSonja,blocks,Block,,,"Closet Double Door [e599e4](FHD)[-]"
closetDoorDoubleGreenSonja,blocks,Block,,,"Closet Double Door [e599e4](FHD)[-]"
closetDoorDoubleBlueSonja,blocks,Block,,,"Closet Double Door [e599e4](FHD)[-]"
closetDoorDoublePurpleSonja,blocks,Block,,,"Closet Double Door [e599e4](FHD)[-]"
closetDoorDoubleGreySonja,blocks,Block,,,"Closet Double Door [e599e4](FHD)[-]"
closetDoorDoublePinkSonja,blocks,Block,,,"Closet Double Door [e599e4](FHD)[-]"

pantryDoorSonjaVariantHelper,blocks,Block,,,"Pantry Doors [e599e4](FHD)[-]"
pantryDoorWhiteSonja,blocks,Block,,,"Pantry Door [e599e4](FHD)[-]"
pantryDoorBrownSonja,blocks,Block,,,"Pantry Door [e599e4](FHD)[-]"
pantryDoorRedSonja,blocks,Block,,,"Pantry Door [e599e4](FHD)[-]"
pantryDoorOrangeSonja,blocks,Block,,,"Pantry Door [e599e4](FHD)[-]"
pantryDoorYellowSonja,blocks,Block,,,"Pantry Door [e599e4](FHD)[-]"
pantryDoorGreenSonja,blocks,Block,,,"Pantry Door [e599e4](FHD)[-]"
pantryDoorBlueSonja,blocks,Block,,,"Pantry Door [e599e4](FHD)[-]"
pantryDoorPurpleSonja,blocks,Block,,,"Pantry Door [e599e4](FHD)[-]"
pantryDoorGreySonja,blocks,Block,,,"Pantry Door [e599e4](FHD)[-]"
pantryDoorPinkSonja,blocks,Block,,,"Pantry Door [e599e4](FHD)[-]"

glassDoorSonjaVariantHelper,blocks,Block,,,"Glass Doors [e599e4](FHD)[-]"
commercialGlassDoorSonja,blocks,Block,,,"Commercial Glass Door [e599e4](FHD)[-]"
commercialGlassDoorDoubleSonja,blocks,Block,,,"Commercial Double Glass Door [e599e4](FHD)[-]"
commercialSlidingDoorSonja,blocks,Block,,,"Commercial Sliding Door [e599e4](FHD)[-]"
houseSlidingDoorWhiteSonja,blocks,Block,,,"House Sliding Door [e599e4](FHD)[-]"
houseSlidingDoorBlackSonja,blocks,Block,,,"House Sliding Black Door [e599e4](FHD)[-]"

extDoorSideLightSonjaVariantHelper,blocks,Block,,,"Side-Glass Doors [e599e4](FHD)[-]"
exteriorHouseDoorSideLightSingleWhiteSonja,blocks,Block,,,"Side-Glass Single Door [e599e4](FHD)[-]"
exteriorHouseDoorSideLightSingleBrownSonja,blocks,Block,,,"Side-Glass Single Door [e599e4](FHD)[-]"
exteriorHouseDoorSideLightSingleRedSonja,blocks,Block,,,"Side-Glass Single Door [e599e4](FHD)[-]"
exteriorHouseDoorSideLightSingleOrangeSonja,blocks,Block,,,"Side-Glass Single Door [e599e4](FHD)[-]"
exteriorHouseDoorSideLightSingleYellowSonja,blocks,Block,,,"Side-Glass Single Door [e599e4](FHD)[-]"
exteriorHouseDoorSideLightSingleGreenSonja,blocks,Block,,,"Side-Glass Single Door [e599e4](FHD)[-]"
exteriorHouseDoorSideLightSingleBlueSonja,blocks,Block,,,"Side-Glass Single Door [e599e4](FHD)[-]"
exteriorHouseDoorSideLightSinglePurpleSonja,blocks,Block,,,"Side-Glass Single Door [e599e4](FHD)[-]"
exteriorHouseDoorSideLightSingleGreySonja,blocks,Block,,,"Side-Glass Single Door [e599e4](FHD)[-]"
exteriorHouseDoorSideLightSinglePinkSonja,blocks,Block,,,"Side-Glass Single Door [e599e4](FHD)[-]"
exteriorHouseDoorSideLightSingleOakSonja,blocks,Block,,,"Side-Glass Single Door [e599e4](FHD)[-]"
exteriorHouseDoorSideLightWhiteSonja,blocks,Block,,,"Side-Glass Door [e599e4](FHD)[-]"
exteriorHouseDoorSideLightBrownSonja,blocks,Block,,,"Side-Glass Door [e599e4](FHD)[-]"
exteriorHouseDoorSideLightRedSonja,blocks,Block,,,"Side-Glass Door [e599e4](FHD)[-]"
exteriorHouseDoorSideLightOrangeSonja,blocks,Block,,,"Side-Glass Door [e599e4](FHD)[-]"
exteriorHouseDoorSideLightYellowSonja,blocks,Block,,,"Side-Glass Door [e599e4](FHD)[-]"
exteriorHouseDoorSideLightGreenSonja,blocks,Block,,,"Side-Glass Door [e599e4](FHD)[-]"
exteriorHouseDoorSideLightBlueSonja,blocks,Block,,,"Side-Glass Door [e599e4](FHD)[-]"
exteriorHouseDoorSideLightPurpleSonja,blocks,Block,,,"Side-Glass Door [e599e4](FHD)[-]"
exteriorHouseDoorSideLightGreySonja,blocks,Block,,,"Side-Glass Door [e599e4](FHD)[-]"
exteriorHouseDoorSideLightPinkSonja,blocks,Block,,,"Side-Glass Door [e599e4](FHD)[-]"
exteriorHouseDoorSideLightOakSonja,blocks,Block,,,"Side-Glass Door [e599e4](FHD)[-]"

bulletproofGlassDoorsSonjaVariantHelper,blocks,Block,,,"Bulletproof Doors [e599e4](FHD)[-]"
commercialBulletproofSlidingDoorSonja,blocks,Block,,,"Bulletproof Sliding Door [e599e4](FHD)[-]"
commercialBulletproofGlassDoorSonja,blocks,Block,,,"Bulletproof Door [e599e4](FHD)[-]"
commercialBulletproofGlassDoorDoubleSonja,blocks,Block,,,"Bulletproof Double Door [e599e4](FHD)[-]"

woodenFenceDoorSonjaVariantHelper,blocks,Block,,,"Sonja Wood Fence Doors [e599e4](FHD)[-]"
woodenFenceDoorWhiteSonja,blocks,Block,,,"Wood Fence Door [e599e4](FHD)[-]"
woodenFenceDoorBrownSonja,blocks,Block,,,"Wood Fence Door [e599e4](FHD)[-]"
woodenFenceDoorRedSonja,blocks,Block,,,"Wood Fence Door [e599e4](FHD)[-]"
woodenFenceDoorOrangeSonja,blocks,Block,,,"Wood Fence Door [e599e4](FHD)[-]"
woodenFenceDoorYellowSonja,blocks,Block,,,"Wood Fence Door [e599e4](FHD)[-]"
woodenFenceDoorGreenSonja,blocks,Block,,,"Wood Fence Door [e599e4](FHD)[-]"
woodenFenceDoorBlueSonja,blocks,Block,,,"Wood Fence Door [e599e4](FHD)[-]"
woodenFenceDoorPurpleSonja,blocks,Block,,,"Wood Fence Door [e599e4](FHD)[-]"
woodenFenceDoorGreySonja,blocks,Block,,,"Wood Fence Door [e599e4](FHD)[-]"
woodenFenceDoorPinkSonja,blocks,Block,,,"Wood Fence Door [e599e4](FHD)[-]"

commercialMetalDoorSingleSonjaVariantHelper,blocks,Block,,,"Metal Door Variants [e599e4](FHD)[-]"
commercialMetalDoorDoubleSonjaVariantHelper,blocks,Block,,,"Double Metal Door Variants [e599e4](FHD)[-]"

trailerDoorSonjaVariantHelper,blocks,Block,,,"Trailer Doors [e599e4](FHD)[-]"
trailerDoorWhiteSonja,blocks,Block,,,"Trailer Door [e599e4](FHD)[-]"
trailerDoorBrownSonja,blocks,Block,,,"Trailer Door [e599e4](FHD)[-]"
trailerDoorRedSonja,blocks,Block,,,"Trailer Door [e599e4](FHD)[-]"
trailerDoorOrangeSonja,blocks,Block,,,"Trailer Door [e599e4](FHD)[-]"
trailerDoorYellowSonja,blocks,Block,,,"Trailer Door [e599e4](FHD)[-]"
trailerDoorGreenSonja,blocks,Block,,,"Trailer Door [e599e4](FHD)[-]"
trailerDoorBlueSonja,blocks,Block,,,"Trailer Door [e599e4](FHD)[-]"
trailerDoorPurpleSonja,blocks,Block,,,"Trailer Door [e599e4](FHD)[-]"
trailerDoorGreySonja,blocks,Block,,,"Trailer Door [e599e4](FHD)[-]"
trailerDoorBlackSonja,blocks,Block,,,"Trailer Door [e599e4](FHD)[-]"
trailerDoorPinkSonja,blocks,Block,,,"Trailer Door [e599e4](FHD)[-]"
trailerDoorArmyGreenSonja,blocks,Block,,,"Trailer Door [e599e4](FHD)[-]"

superVillainDoorSonjaVariantHelper,blocks,Block,,,"Super Villain Doors [e599e4](FHD)[-]"
superVillainDoorSonja_Powered_VariantHelper,blocks,Block,,,"Super Villain Powered Doors [e599e4](FHD)[-]"
superVillainDoorSonjaVariantHelperDesc,blocks,Block,,,"The ideal solution for your Volcano Base, the 'Evil Genius 3000' doors are the ultimate line of defense to protect your vault.\n\nFully capable of keeping even the most resilient intruders away, or to keep your prisoners inside.\n\nHold R to select the variant you want to place."
superVillainDoorSonja,blocks,Block,,,"Super Villain Door [e599e4](FHD)[-]"
superVillainDoorSonjaDesc,blocks,Block,,,"The ideal solution for your Volcano Base, the 'Evil Genius 3000' doors are the ultimate line of defense to protect your vault.\n\nFully capable of keeping even the most resilient intruders away, or to keep your prisoners inside."
superVillainDoubleDoorSonja,blocks,Block,,,"Super Villain Double Door [e599e4](FHD)[-]"
superVillainDoorSonja_Powered,blocks,Block,,,"Super Villain Powered Door [e599e4](FHD)[-]"
superVillainDoubleDoorSonja_Powered,blocks,Block,,,"Super Villain Powered Double Door [e599e4](FHD)[-]"

securityRollUpSonjaVariantHelper,blocks,Block,,,"Security Roll Up Door Variants [e599e4](FHD)[-]"

secretStorageSonjaVariantHelper,blocks,Block,,,"Secret Storage behind a Picture! [e599e4](FHD)[-]"
secretStorageSonjaVariantHelperDesc,blocks,Block,,,"It looks like a common picture but...wait, what is this!? A Secret Storage!\nKeep thieves away from your goodies with this all-in-one lockable secure storage behind your favorite picture.\n\nPut it in your toolbar and hold R to choose the Variant you want."
secretStorageIronSonja_01t,blocks,Block,,,"Secret Storage behind a Picture! [e599e4](FHD)[-]"
secretStorageIronSonja_01a,blocks,Block,,,"Secret Storage behind a Picture! [e599e4](FHD)[-]"
secretStorageIronSonja_01b,blocks,Block,,,"Secret Storage behind a Picture! [e599e4](FHD)[-]"
secretStorageIronSonja_01c,blocks,Block,,,"Secret Storage behind a Picture! [e599e4](FHD)[-]"
secretStorageIronSonja_01d,blocks,Block,,,"Secret Storage behind a Picture! [e599e4](FHD)[-]"
secretStorageIronSonja_01e,blocks,Block,,,"Secret Storage behind a Picture! [e599e4](FHD)[-]"
secretStorageIronSonja_01f,blocks,Block,,,"Secret Storage behind a Picture! [e599e4](FHD)[-]"
secretStorageIronSonja_01g,blocks,Block,,,"Secret Storage behind a Picture! [e599e4](FHD)[-]"
secretStorageIronSonja_01h,blocks,Block,,,"Secret Storage behind a Picture! [e599e4](FHD)[-]"
secretStorageIronSonja_01i,blocks,Block,,,"Secret Storage behind a Picture! [e599e4](FHD)[-]"
secretStorageIronSonja_01j,blocks,Block,,,"Secret Storage behind a Picture! [e599e4](FHD)[-]"
secretStorageIronSonja_01k,blocks,Block,,,"Secret Storage behind a Picture! [e599e4](FHD)[-]"
secretStorageIronSonja_01l,blocks,Block,,,"Secret Storage behind a Picture! [e599e4](FHD)[-]"
secretStorageIronSonja_01m,blocks,Block,,,"Secret Storage behind a Picture! [e599e4](FHD)[-]"
secretStorageIronSonja_01n,blocks,Block,,,"Secret Storage behind a Picture! [e599e4](FHD)[-]"
secretStorageIronSonja_01o,blocks,Block,,,"Secret Storage behind a Picture! [e599e4](FHD)[-]"
secretStorageIronSonja_01p,blocks,Block,,,"Secret Storage behind a Picture! [e599e4](FHD)[-]"
secretStorageIronSonja_01q,blocks,Block,,,"Secret Storage behind a Picture! [e599e4](FHD)[-]"
secretStorageIronSonja_01r,blocks,Block,,,"Secret Storage behind a Picture! [e599e4](FHD)[-]"
secretStorageIronSonja_01s,blocks,Block,,,"Secret Storage behind a Picture! [e599e4](FHD)[-]"
secretStorageIronSonja_01t,blocks,Block,,,"Secret Storage behind a Picture! [e599e4](FHD)[-]"
secretStorageIronSonja_01u,blocks,Block,,,"Secret Storage behind a Picture! [e599e4](FHD)[-]"
secretStorageIronSonja_01v,blocks,Block,,,"Secret Storage behind a Picture! [e599e4](FHD)[-]"
secretStorageIronSonja_01w,blocks,Block,,,"Secret Storage behind a Picture! [e599e4](FHD)[-]"
secretStorageIronSonja_Carrier,blocks,Block,,,"Secret Storage behind a Picture! [e599e4](FHD)[-]"
secretStorageIronSonja_Tank,blocks,Block,,,"Secret Storage behind a Picture! [e599e4](FHD)[-]"
secretStorageIronSonja_Guns,blocks,Block,,,"Secret Storage behind a Picture! [e599e4](FHD)[-]"
secretStorageIronSonja_JetGirls,blocks,Block,,,"Secret Storage behind a Picture! [e599e4](FHD)[-]"
secretStorageIronSonja_Canvas01a,blocks,Block,,,"Secret Storage behind a Picture! [e599e4](FHD)[-]"
secretStorageIronSonja_Canvas01b,blocks,Block,,,"Secret Storage behind a Picture! [e599e4](FHD)[-]"
secretStorageIronSonja_Canvas01c,blocks,Block,,,"Secret Storage behind a Picture! [e599e4](FHD)[-]"
secretStorageIronSonja_Canvas01d,blocks,Block,,,"Secret Storage behind a Picture! [e599e4](FHD)[-]"
secretStorageIronSonja_Canvas01e,blocks,Block,,,"Secret Storage behind a Picture! [e599e4](FHD)[-]"
secretStorageIronSonja_Canvas01f,blocks,Block,,,"Secret Storage behind a Picture! [e599e4](FHD)[-]"
secretStorageIronSonja_Canvas01g,blocks,Block,,,"Secret Storage behind a Picture! [e599e4](FHD)[-]"
secretStorageIronSonja_Canvas01h,blocks,Block,,,"Secret Storage behind a Picture! [e599e4](FHD)[-]"
secretStorageIronSonja_Canvas01i,blocks,Block,,,"Secret Storage behind a Picture! [e599e4](FHD)[-]"
secretStorageIronSonja_Canvas01j,blocks,Block,,,"Secret Storage behind a Picture! [e599e4](FHD)[-]"
secretStorageIronSonja_MovieLongWolf,blocks,Block,,,"Secret Storage behind a Picture! [e599e4](FHD)[-]"
secretStorageIronSonja_Movie2159,blocks,Block,,,"Secret Storage behind a Picture! [e599e4](FHD)[-]"
secretStorageIronSonja_MammasJustice,blocks,Block,,,"Secret Storage behind a Picture! [e599e4](FHD)[-]"
secretStorageIronSonja_MovieSexualTension,blocks,Block,,,"Secret Storage behind a Picture! [e599e4](FHD)[-]"

toolBoxStorageSonjaVariantHelper,blocks,Block,,,"Tool Box Storage Variants [e599e4](FHD)[-]"
toolBoxWhiteStorageSonja,blocks,Block,,,"Tool Box Secure Storage [e599e4](FHD)[-]"
toolBoxRedStorageSonja,blocks,Block,,,"Tool Box Secure Storage [e599e4](FHD)[-]"
toolBoxYellowStorageSonja,blocks,Block,,,"Tool Box Storage [e599e4](FHD)[-]"
toolBoxGreenStorageSonja,blocks,Block,,,"Tool Box Storage [e599e4](FHD)[-]"
toolBoxBlueStorageSonja,blocks,Block,,,"Tool Box Storage [e599e4](FHD)[-]"
toolBoxGreyStorageSonja,blocks,Block,,,"Tool Box Storage [e599e4](FHD)[-]"

rollingToolBoxStorageSonjaVariantHelper,blocks,Block,,,"Rolling Tool Box Storage Variants [e599e4](FHD)[-]"
rollingToolBoxWhiteStorageSonja,blocks,Block,,,"Rolling Tool Box Storage [e599e4](FHD)[-]"
rollingToolBoxRedStorageSonja,blocks,Block,,,"Rolling Tool Box Storage [e599e4](FHD)[-]"
rollingToolBoxYellowStorageSonja,blocks,Block,,,"Rolling Tool Box Storage [e599e4](FHD)[-]"
rollingToolBoxGreenStorageSonja,blocks,Block,,,"Rolling Tool Box Storage [e599e4](FHD)[-]"
rollingToolBoxBlueStorageSonja,blocks,Block,,,"Rolling Tool Box Storage [e599e4](FHD)[-]"
rollingToolBoxGreyStorageSonja,blocks,Block,,,"Rolling Tool Box Storage [e599e4](FHD)[-]"

miniCoolerStorageSonjaVariantHelper,blocks,Block,,,"Mini Cooler Storage Variants [e599e4](FHD)[-]"
miniCoolerFullStorageSonja,blocks,Block,,,"Mini Cooler Storage [e599e4](FHD)[-]"
miniCoolerEmptyStorageSonja,blocks,Block,,,"Mini Cooler Storage [e599e4](FHD)[-]"
miniCoolerOffsetFullStorageSonja,blocks,Block,,,"Mini Cooler Storage OffSet [e599e4](FHD)[-]"
miniCoolerOffsetEmptyStorageSonja,blocks,Block,,,"Mini Cooler Storage OffSet [e599e4](FHD)[-]"

medicineStorageSonjaVariantHelper,blocks,Block,,,"Medicin Storage Variants [e599e4](FHD)[-]"
pillCaseStorageSonja,blocks,Block,,,"Medicin Storage [e599e4](FHD)[-]"
medsCabinetStorageSonja,blocks,Block,,,"Medicin Storage [e599e4](FHD)[-]"

gasPumpStorageSonja,blocks,Block,,,"Gas Pump Storage [e599e4](FHD)[-]"
gasPumpStorageSonjaDesc,blocks,Block,,,"Secure storage for all your fuel or anything else you want.\n\nIf you destroy the storage you will get it back."

propaneTankStorageSonjaVariantHelper,blocks,Block,,,"Propane Tank Storage Variants [e599e4](FHD)[-]"
propaneTankWhiteStorageSonja,blocks,Block,,,"Propane Tank Storage [e599e4](FHD)[-]"
propaneTankBrownStorageSonja,blocks,Block,,,"Propane Tank Storage [e599e4](FHD)[-]"
propaneTankRedStorageSonja,blocks,Block,,,"Propane Tank Storage [e599e4](FHD)[-]"
propaneTankOrangeStorageSonja,blocks,Block,,,"Propane Tank Storage [e599e4](FHD)[-]"
propaneTankYellowStorageSonja,blocks,Block,,,"Propane Tank Storage [e599e4](FHD)[-]"
propaneTankGreenStorageSonja,blocks,Block,,,"Propane Tank Storage [e599e4](FHD)[-]"
propaneTankBlueStorageSonja,blocks,Block,,,"Propane Tank Storage [e599e4](FHD)[-]"
propaneTankGreyStorageSonja,blocks,Block,,,"Propane Tank Storage [e599e4](FHD)[-]"
propaneTankPinkStorageSonja,blocks,Block,,,"Propane Tank Storage [e599e4](FHD)[-]"

officeShelvSecureStorageSonjaVariantHelper,blocks,Block,,,"Office Shelf Storage Variants [e599e4](FHD)[-]"
secureDecoStorageSonjaDesc,blocks,Block,,,"Secure and Decorative Storage in several colors and variants.\n\nIf you destroy the storage you will get it back."
officeShelvFullSecureStorageSonja,blocks,Block,,,"Office Shelf Storage [e599e4](FHD)[-]"
officeShelvFullSecureStorageBrownSonja,blocks,Block,,,"Office Shelf Storage [e599e4](FHD)[-]"
officeShelvFullSecureStorageRedSonja,blocks,Block,,,"Office Shelf Storage [e599e4](FHD)[-]"
officeShelvFullSecureStorageOrangeSonja,blocks,Block,,,"Office Shelf Storage [e599e4](FHD)[-]"
officeShelvFullSecureStorageYellowSonja,blocks,Block,,,"Office Shelf Storage [e599e4](FHD)[-]"
officeShelvFullSecureStorageGreenSonja,blocks,Block,,,"Office Shelf Storage [e599e4](FHD)[-]"
officeShelvFullSecureStorageBlueSonja,blocks,Block,,,"Office Shelf Storage [e599e4](FHD)[-]"
officeShelvFullSecureStoragePurpleSonja,blocks,Block,,,"Office Shelf Storage [e599e4](FHD)[-]"
officeShelvFullSecureStorageGreySonja,blocks,Block,,,"Office Shelf Storage [e599e4](FHD)[-]"
officeShelvFullSecureStoragePinkSonja,blocks,Block,,,"Office Shelf Storage [e599e4](FHD)[-]"
officeShelvEmptySecureStorageSonja,blocks,Block,,,"Office Shelf Storage [e599e4](FHD)[-]"
officeShelvEmptySecureStorageBrownSonja,blocks,Block,,,"Office Shelf Storage [e599e4](FHD)[-]"
officeShelvEmptySecureStorageRedSonja,blocks,Block,,,"Office Shelf Storage [e599e4](FHD)[-]"
officeShelvEmptySecureStorageOrangeSonja,blocks,Block,,,"Office Shelf Storage [e599e4](FHD)[-]"
officeShelvEmptySecureStorageYellowSonja,blocks,Block,,,"Office Shelf Storage [e599e4](FHD)[-]"
officeShelvEmptySecureStorageGreenSonja,blocks,Block,,,"Office Shelf Storage [e599e4](FHD)[-]"
officeShelvEmptySecureStorageBlueSonja,blocks,Block,,,"Office Shelf Storage [e599e4](FHD)[-]"
officeShelvEmptySecureStoragePurpleSonja,blocks,Block,,,"Office Shelf Storage [e599e4](FHD)[-]"
officeShelvEmptySecureStorageGreySonja,blocks,Block,,,"Office Shelf Storage [e599e4](FHD)[-]"
officeShelvEmptySecureStoragePinkSonja,blocks,Block,,,"Office Shelf Storage [e599e4](FHD)[-]"

bagStorageSonjaVariantHelper,blocks,Block,,,"Bags Storage Variants [e599e4](FHD)[-]"
purseStorageSonja,blocks,Block,,,"Purse Storage [e599e4](FHD)[-]"
sportsBagPinkStorageSonja,blocks,Block,,,"Bag Storage [e599e4](FHD)[-]"
sportsBagPurpleStorageSonja,Block,,,"Bag Storage [e599e4](FHD)[-]"
sportsBagBlueStorageSonja,blocks,Block,,,"Bag Storage [e599e4](FHD)[-]"
sportsBagGreenStorageSonja,blocks,Block,,,"Bag Storage [e599e4](FHD)[-]"
sportsBagYellowStorageSonja,blocks,Block,,,"Bag Storage [e599e4](FHD)[-]"
sportsBagOrangeStorageSonja,blocks,Block,,,"Bag Storage [e599e4](FHD)[-]"
sportsBagRedStorageSonja,blocks,Block,,,"Bag Storage [e599e4](FHD)[-]"
sportsBagBrownStorageSonja,blocks,Block,,,"Bag Storage [e599e4](FHD)[-]"
sportsBagWhiteStorageSonja,blocks,Block,,,"Bag Storage [e599e4](FHD)[-]"
backpackBlueStorageSonja,blocks,Block,,,"Bag Storage [e599e4](FHD)[-]"
backpackWhiteStorageSonja,blocks,Block,,,"Bag Storage [e599e4](FHD)[-]"
weaponsBagLargeStorageSonja,blocks,Block,,,"Bag Storage [e599e4](FHD)[-]"
weaponsBagSmallStorageSonja,blocks,Block,,,"Bag Storage [e599e4](FHD)[-]"

clothesRackStorageSonjaVariantHelper,blocks,Block,,,"Clothes Racks & Shelfes Storage [e599e4](FHD)[-]"
clothesRack01StorageSonja,blocks,Block,,,"Racks & Shelfes Storage [e599e4](FHD)[-]"
clothesRack02StorageSonja,blocks,Block,,,"Racks & Shelfes Storage [e599e4](FHD)[-]"
clothesRack03StorageSonja,blocks,Block,,,"Racks & Shelfes Storage [e599e4](FHD)[-]"
clothesRack04StorageSonja,blocks,Block,,,"Racks & Shelfes Storage [e599e4](FHD)[-]"
clothesRack05StorageSonja,blocks,Block,,,"Racks & Shelfes Storage [e599e4](FHD)[-]"
clothesRack06StorageSonja,blocks,Block,,,"Racks & Shelfes Storage [e599e4](FHD)[-]"
clothesRack07StorageSonja,blocks,Block,,,"Racks & Shelfes Storage [e599e4](FHD)[-]"
clothesRack08StorageSonja,blocks,Block,,,"Racks & Shelfes Storage [e599e4](FHD)[-]"
clothesRack09StorageSonja,blocks,Block,,,"Racks & Shelfes Storage [e599e4](FHD)[-]"
clothesRack10StorageSonja,blocks,Block,,,"Racks & Shelfes Storage [e599e4](FHD)[-]"
clothesRack11StorageSonja,blocks,Block,,,"Racks & Shelfes Storage [e599e4](FHD)[-]"
clothesRack12StorageSonja,blocks,Block,,,"Racks & Shelfes Storage [e599e4](FHD)[-]"
clothesRack13StorageSonja,blocks,Block,,,"Racks & Shelfes Storage [e599e4](FHD)[-]"
clothesRack14StorageSonja,blocks,Block,,,"Racks & Shelfes Storage [e599e4](FHD)[-]"
clothesRack15StorageSonja,blocks,Block,,,"Racks & Shelfes Storage [e599e4](FHD)[-]"
clothesRack16StorageSonja,blocks,Block,,,"Racks & Shelfes Storage [e599e4](FHD)[-]"
clothesRack17StorageSonja,blocks,Block,,,"Racks & Shelfes Storage [e599e4](FHD)[-]"
clothesRack18StorageSonja,blocks,Block,,,"Racks & Shelfes Storage [e599e4](FHD)[-]"

drawerStorageSonjaVariantHelper,blocks,Block,,,"Drawer Storage Variants [e599e4](FHD)[-]"
drawerStorageSonja,blocks,Block,,,"Drawer Storage [e599e4](FHD)[-]"
drawerStorageBrownSonja,blocks,Block,,,"Drawer Storage [e599e4](FHD)[-]"
drawerStorageRedSonja,blocks,Block,,,"Drawer Storage [e599e4](FHD)[-]"
drawerStorageOrangeSonja,blocks,Block,,,"Drawer Storage [e599e4](FHD)[-]"
drawerStorageYellowSonja,blocks,Block,,,"Drawer Storage [e599e4](FHD)[-]"
drawerStorageGreenSonja,blocks,Block,,,"Drawer Storage [e599e4](FHD)[-]"
drawerStorageBlueSonja,blocks,Block,,,"Drawer Storage [e599e4](FHD)[-]"
drawerStoragePurpleSonja,blocks,Block,,,"Drawer Storage [e599e4](FHD)[-]"
drawerStorageGreySonja,blocks,Block,,,"Drawer Storage [e599e4](FHD)[-]"
drawerStorageBlackSonja,blocks,Block,,,"Drawer Storage [e599e4](FHD)[-]"
drawerStoragePinkSonja,blocks,Block,,,"Drawer Storage [e599e4](FHD)[-]"

gunRackStorageSonjaVariantHelper,blocks,Block,,,"Armor & Gun Racks Storage [e599e4](FHD)[-]"
gunRackSmall01StorageSonja,blocks,Block,,,"Small Mags Rack Storage [e599e4](FHD)[-]"
gunRackSmall02StorageSonja,blocks,Block,,,"Small Vests Rack Storage [e599e4](FHD)[-]"
gunRackLarge01StorageSonja,blocks,Block,,,"Large Guns Rack Storage [e599e4](FHD)[-]"
gunRackLarge02StorageSonja,blocks,Block,,,"Large Guns Rack Storage [e599e4](FHD)[-]"

footLockerStorageSonjaVariantHelper,blocks,Block,,,"Foot Locker Storage Variants [e599e4](FHD)[-]"
footLockerStorageSonja,blocks,Block,,,"Foot Locker Storage [e599e4](FHD)[-]"
footLockerStorageBrownSonja,blocks,Block,,,"Foot Locker Storage [e599e4](FHD)[-]"
footLockerStorageRedSonja,blocks,Block,,,"Foot Locker Storage [e599e4](FHD)[-]"
footLockerStorageOrangeSonja,blocks,Block,,,"Foot Locker Storage [e599e4](FHD)[-]"
footLockerStorageYellowSonja,blocks,Block,,,"Foot Locker Storage [e599e4](FHD)[-]"
footLockerStorageGreenSonja,blocks,Block,,,"Foot Locker Storage [e599e4](FHD)[-]"
footLockerStorageBlueSonja,blocks,Block,,,"Foot Locker Storage [e599e4](FHD)[-]"
footLockerStorageGreySonja,blocks,Block,,,"Foot Locker Storage [e599e4](FHD)[-]"
footLockerStorageBlackSonja,blocks,Block,,,"Foot Locker Storage [e599e4](FHD)[-]"
footLockerStoragePinkSonja,blocks,Block,,,"Foot Locker Storage [e599e4](FHD)[-]"
footLockerStorageArmyGreenSonja,blocks,Block,,,"Foot Locker Storage [e599e4](FHD)[-]"

munitionsBoxStorageSonjaVariantHelper,blocks,Block,,,"Munitions Storage Variants [e599e4](FHD)[-]"
munitionsBoxStorageSonja,blocks,Block,,,"Munitions Storage [e599e4](FHD)[-]"
munitionsBoxStorageRedSonja,blocks,Block,,,"Munitions Storage [e599e4](FHD)[-]"
munitionsBoxStorageOrangeSonja,blocks,Block,,,"Munitions Storage [e599e4](FHD)[-]"
munitionsBoxStorageGreenSonja,blocks,Block,,,"Munitions Storage [e599e4](FHD)[-]"
munitionsBoxStorageBlueSonja,blocks,Block,,,"Munitions Storage [e599e4](FHD)[-]"
munitionsBoxStorageBlackSonja,blocks,Block,,,"Munitions Storage [e599e4](FHD)[-]"
munitionsBoxStoragePinkSonja,blocks,Block,,,"Munitions Storage [e599e4](FHD)[-]"

bookStorageSonjaVariantHelper,blocks,Block,,,"Books Storage Variants [e599e4](FHD)[-]"
bookStorage01Sonja,blocks,Block,,,"Books Storage [e599e4](FHD)[-]"
bookStorage02Sonja,blocks,Block,,,"Books Storage [e599e4](FHD)[-]"
bookStorage03Sonja,blocks,Block,,,"Books Storage [e599e4](FHD)[-]"
bookStorage04Sonja,blocks,Block,,,"Books Storage [e599e4](FHD)[-]"
bookStorage05Sonja,blocks,Block,,,"Books Storage [e599e4](FHD)[-]"
bookStorage06Sonja,blocks,Block,,,"Books Storage [e599e4](FHD)[-]"
bookStorage07Sonja,blocks,Block,,,"Books Storage [e599e4](FHD)[-]"
bookStorage08Sonja,blocks,Block,,,"Books Storage [e599e4](FHD)[-]"
bookStorage09Sonja,blocks,Block,,,"Books Storage [e599e4](FHD)[-]"
bookStorage10Sonja,blocks,Block,,,"Books Storage [e599e4](FHD)[-]"
bookStorage11Sonja,blocks,Block,,,"Books Storage [e599e4](FHD)[-]"
bookStorage12Sonja,blocks,Block,,,"Books Storage [e599e4](FHD)[-]"
bookStorage13Sonja,blocks,Block,,,"Books Storage [e599e4](FHD)[-]"
bookStorage14Sonja,blocks,Block,,,"Books Storage [e599e4](FHD)[-]"
bookStorage15Sonja,blocks,Block,,,"Books Storage [e599e4](FHD)[-]"

vendingStorageSonjaVariantHelper,blocks,Block,,,"Vending Storage Variants [e599e4](FHD)[-]"
vendingStorageRedSonja,blocks,Block,,,"Vending Storage Red [e599e4](FHD)[-]"
vendingStorageGreenSonja,blocks,Block,,,"Vending Storage Green [e599e4](FHD)[-]"
vendingStorageBlueSonja,blocks,Block,,,"Vending Storage Blue [e599e4](FHD)[-]"

miscWoodStorageSonjaVariantHelper,blocks,Block,,,"Misc Wood Safe Storage [e599e4](FHD)[-]"
bookcaseSafeStorageSonja,blocks,Block,,,"Bookcase Safe Storage [e599e4](FHD)[-]"
bookcaseCornerSafeStorageSonja,blocks,Block,,,"Corner Bookcase Safe Storage [e599e4](FHD)[-]"
nightstandSafeStorageSonja,blocks,Block,,,"Nightstand Safe Storage [e599e4](FHD)[-]"
cabinetBottomSafeStorageSonja,blocks,Block,,,"Cabinet Safe Storage [e599e4](FHD)[-]"
cabinetRoundSafeStorageSonja,blocks,Block,,,"Round Cabinet Safe Storage [e599e4](FHD)[-]"
counterHollowSafeStorageSonja,blocks,Block,,,"Counter Hollow Safe Storage [e599e4](FHD)[-]"
cupboardTopSafeStorageSonja,blocks,Block,,,"Cupboard Safe Storage [e599e4](FHD)[-]"
cupboardTopCornerSafeStorageSonja,blocks,Block,,,"Corner Cupboard Safe Storage [e599e4](FHD)[-]"

fridgeRetroSafeStorageSonja,blocks,Block,,,"Retro Fridge Safe Storage [e599e4](FHD)[-]"
fridgeSteelSafeStorageSonja,blocks,Block,,,"Steel Fridge Safe Storage [e599e4](FHD)[-]"
fridgeSafeStorageSonjaVariantHelper,blocks,Block,,,"Fridge Safe Storage Variants [e599e4](FHD)[-]"

fileCabinetShortSafeStorageSonja_Yellow,blocks,Block,,,"File Cabinet Safe Storage [e599e4](FHD)[-]"
fileCabinetShortSafeStorageSonja_Brown,blocks,Block,,,"File Cabinet Safe Storage [e599e4](FHD)[-]"
fileCabinetShortSafeStorageSonja_Green,blocks,Block,,,"File Cabinet Safe Storage [e599e4](FHD)[-]"
fileCabinetShortSafeStorageSonja_Blue,blocks,Block,,,"File Cabinet Safe Storage [e599e4](FHD)[-]"
fileCabinetShortSafeStorageSonja_Grey,blocks,Block,,,"File Cabinet Safe Storage [e599e4](FHD)[-]"
fileCabinetShortSafeStorageSonja_Black,blocks,Block,,,"File Cabinet Safe Storage [e599e4](FHD)[-]"
fileCabinetTallSafeStorageSonja_Yellow,blocks,Block,,,"File Cabinet Safe Storage [e599e4](FHD)[-]"
fileCabinetTallSafeStorageSonja_Brown,blocks,Block,,,"File Cabinet Safe Storage [e599e4](FHD)[-]"
fileCabinetTallSafeStorageSonja_Green,blocks,Block,,,"File Cabinet Safe Storage [e599e4](FHD)[-]"
fileCabinetTallSafeStorageSonja_Blue,blocks,Block,,,"File Cabinet Safe Storage [e599e4](FHD)[-]"
fileCabinetTallSafeStorageSonja_Grey,blocks,Block,,,"File Cabinet Safe Storage [e599e4](FHD)[-]"
fileCabinetTallSafeStorageSonja_Black,blocks,Block,,,"File Cabinet Safe Storage [e599e4](FHD)[-]"
lockersShortSafeStorageSonja,blocks,Block,,,"Lockers Short Safe Storage [e599e4](FHD)[-]"
lockersTallSafeStorageSonja,blocks,Block,,,"Lockers Tall V1 Safe Storage [e599e4](FHD)[-]"
lockersTallSafeStorageSonja,blocks,Block,,,"Lockers Tall V2 Safe Storage [e599e4](FHD)[-]"
storeShelfSafeStorageSonja_Empty,blocks,Block,,,"Store Shelf Safe Storage [e599e4](FHD)[-]"
storeShelfSafeStorageSonja_Food01,blocks,Block,,,"Store Shelf Safe Storage [e599e4](FHD)[-]"
storeShelfSafeStorageSonja_Food02,blocks,Block,,,"Store Shelf Safe Storage [e599e4](FHD)[-]"
storeShelfSafeStorageSonja_Hardware01,blocks,Block,,,"Store Shelf Safe Storage [e599e4](FHD)[-]"
storeShelfSafeStorageSonja_Hardware02,blocks,Block,,,"Store Shelf Safe Storage [e599e4](FHD)[-]"
storeShelfSafeStorageSonja_Pharma01,blocks,Block,,,"Store Shelf Safe Storage [e599e4](FHD)[-]"
storeShelfSafeStorageSonja_Pharma02,blocks,Block,,,"Store Shelf Safe Storage [e599e4](FHD)[-]"
storeShelfSafeStorageSonja_Electronics01,blocks,Block,,,"Store Shelf Safe Storage [e599e4](FHD)[-]"
storeShelfSafeStorageSonja_Electronics02,blocks,Block,,,"Store Shelf Safe Storage [e599e4](FHD)[-]"
metalShelvesSafeStorageSonja_Full,blocks,Block,,,"Metal Shelves Safe Storage [e599e4](FHD)[-]"
metalShelvesSafeStorageSonja_Empty,blocks,Block,,,"Metal Shelves Safe Storage [e599e4](FHD)[-]"
militaryShelvesSafeStorageSonja_Full,blocks,Block,,,"Military Shelves Safe Storage [e599e4](FHD)[-]"
militaryShelvesSafeStorageSonja_Empty,blocks,Block,,,"Military Shelves Safe Storage [e599e4](FHD)[-]"
miscMetalStorageSonjaVariantHelper,blocks,Block,,,"Misc Metal Safe Storage Variants [e599e4](FHD)[-]"

pileAmmoSafeStorageSonja_Small,blocks,Block,,,"Ammo Pile Small Safe Storage [e599e4](FHD)[-]"
pileAmmoSafeStorageSonja_Medium,blocks,Block,,,"Ammo Pile Medium Safe Storage [e599e4](FHD)[-]"
pileAmmoSafeStorageSonja_Large,blocks,Block,,,"Ammo Pile Large Safe Storage [e599e4](FHD)[-]"
pileChemSafeStorageSonja_Small,blocks,Block,,,"Chem Pile Small Safe Storage [e599e4](FHD)[-]"
pileChemSafeStorageSonja_Medium,blocks,Block,,,"Chem Pile Medium Safe Storage [e599e4](FHD)[-]"
pileChemSafeStorageSonja_Large,blocks,Block,,,"Chem Pile Large Safe Storage [e599e4](FHD)[-]"
pileMedsSafeStorageSonja_A,blocks,Block,,,"Meds Pile V1 Safe Storage [e599e4](FHD)[-]"
pileMedsSafeStorageSonja_Corner,blocks,Block,,,"Meds Pile Corner Safe Storage [e599e4](FHD)[-]"
pileMedsSafeStorageSonja_B,blocks,Block,,,"Meds Pile V2 Safe Storage [e599e4](FHD)[-]"
pileFoodSafeStorageSonja_Small,blocks,Block,,,"Food Pile Small Safe Storage [e599e4](FHD)[-]"
pileFoodSafeStorageSonja_Corner,blocks,Block,,,"Food Pile Corner Safe Storage [e599e4](FHD)[-]"
pileFoodSafeStorageSonja_Medium,blocks,Block,,,"Food Pile Medium Safe Storage [e599e4](FHD)[-]"
pileFoodSafeStorageSonja_Large,blocks,Block,,,"Food Pile Large Safe Storage [e599e4](FHD)[-]"
pileStorageSonjaVariantHelper,blocks,Block,,,"Piles of Stuff Safe Storage [e599e4](FHD)[-]"

lightsLampsSonja,items,Item,,,"Sonja Lights & Lamps [e599e4](FHD)[-]"
lightsLampsSonjaDesc,items,Item,,,"Unlocks all the new lights and lamps included in [e599e4]Fancy Home Deco[-]\n\nIf you want this to be unlocked from the start please install the 'No Power Add-On'"

electricStoveSonjaVariant,blocks,Block,,,"Cozy Electric Stove Variants [e599e4](FHD)[-]"
electricStoveSonjaFunctional,blocks,Workstation,,,"Cozy Electric Stove - Cooking Station [e599e4](FHD)[-]"
electricStoveSonja,blocks,Light,,,"Cozy Electric Stove [e599e4](FHD)[-]"

signTrafficLightSonjaVariantHelper,blocks,Light,,,"Traffic Lights Variants [e599e4](FHD)[-]"

projectorSonjaVariantHelper,blocks,Light,,,"Projector & Camera Variants [e599e4](FHD)[-]"
projectorSonjaDesc,blocks,Light,,,"A Powered-light projector to watch your favorite zombie movies or plan your next POI raid.\n\nConnect to to a power grid to turn it on and off. Power needed 1w."
projectorSonjaTableTop,blocks,Light,,,"Table Top Projector [e599e4](FHD)[-]"
projectorSonjaCeiling,blocks,Light,,,"Ceiling Mounted Projector [e599e4](FHD)[-]"

signExitLightVariantHelper,blocks,Light,,,"Exit Sign Variants [e599e4](FHD)[-]"

popNpillsLightsignSonjaVariantHelper,blocks,Light,,,"Pop-N-Pills Light Variants [e599e4](FHD)[-]"
popNpillsLightsignBigSonja,blocks,Light,,,"Pop-N-Pills Light Big [e599e4](FHD)[-]"
popNpillsLightsignSmallSonja,blocks,Light,,,"Pop-N-Pills Light Small [e599e4](FHD)[-]"

xrayLightVariantHelper,blocks,Light,,,"X-Ray Light Variants [e599e4](FHD)[-]"
xrayLightFullSonja,blocks,Light,,,"X-Ray Light Full [e599e4](FHD)[-]"
xrayLightEmptySonja,blocks,Light,,,"X-Ray Light Empty [e599e4](FHD)[-]"

streetLightElegantClassicSonja,blocks,Light,,,"Elegant Classic Street Light [e599e4](FHD)[-]"

streetLightBigSonja,blocks,Light,,,"Big Elevated Street Light [e599e4](FHD)[-]"

endtableLampSonja,blocks,Light,,,"Powerable End Table Lamp Light [e599e4](FHD)[-]"

tableLampLightSonjaVariantHelper,blocks,Light,,,"Table Lamp Variants [e599e4](FHD)[-]"
tableLampSonjaWhite,blocks,Light,,,"Table Lamp [e599e4](FHD)[-]"
tableLampSonjaBrown,blocks,Light,,,"Table Lamp [e599e4](FHD)[-]"
tableLampSonjaRed,blocks,Light,,,"Table Lamp [e599e4](FHD)[-]"
tableLampSonjaOrange,blocks,Light,,,"Table Lamp [e599e4](FHD)[-]"
tableLampSonjaYellow,blocks,Light,,,"Table Lamp [e599e4](FHD)[-]"
tableLampSonjaGreen,blocks,Light,,,"Table Lamp [e599e4](FHD)[-]"
tableLampSonjaBlue,blocks,Light,,,"Table Lamp [e599e4](FHD)[-]"
tableLampSonjaPurple,blocks,Light,,,"Table Lamp [e599e4](FHD)[-]"
tableLampSonjaGrey,blocks,Light,,,"Table Lamp [e599e4](FHD)[-]"
tableLampSonjaBlack,blocks,Light,,,"Table Lamp [e599e4](FHD)[-]"
tableLampSonjaPink,blocks,Light,,,"Table Lamp [e599e4](FHD)[-]"
tableLampSonjaWhiteOffset,blocks,Light,,,"Table Lamp OffSet [e599e4](FHD)[-]"
tableLampSonjaBrownOffset,blocks,Light,,,"Table Lamp OffSet [e599e4](FHD)[-]"
tableLampSonjaRedOffset,blocks,Light,,,"Table Lamp OffSet [e599e4](FHD)[-]"
tableLampSonjaOrangeOffset,blocks,Light,,,"Table Lamp OffSet [e599e4](FHD)[-]"
tableLampSonjaYellowOffset,blocks,Light,,,"Table Lamp OffSet [e599e4](FHD)[-]"
tableLampSonjaGreenOffset,blocks,Light,,,"Table Lamp OffSet [e599e4](FHD)[-]"
tableLampSonjaBlueOffset,blocks,Light,,,"Table Lamp OffSet [e599e4](FHD)[-]"
tableLampSonjaPurpleOffset,blocks,Light,,,"Table Lamp OffSet [e599e4](FHD)[-]"
tableLampSonjaGreyOffset,blocks,Light,,,"Table Lamp OffSet [e599e4](FHD)[-]"
tableLampSonjaBlackOffset,blocks,Light,,,"Table Lamp OffSet [e599e4](FHD)[-]"
tableLampSonjaPinkOffset,blocks,Light,,,"Table Lamp OffSet [e599e4](FHD)[-]"

lightLEDSonjaVariantHelper,blocks,Light,,,"LED Light Variants [e599e4](FHD)[-]"
lightPanelLEDSonjaWhite,blocks,Light,,,"LED Light [e599e4](FHD)[-]"
lightPanelLEDSonjaBlack,blocks,Light,,,"LED Light [e599e4](FHD)[-]"
lightPanelLEDoffSetSonjaWhite,blocks,Light,,,"OffSet LED Light [e599e4](FHD)[-]"
lightPanelLEDoffSetSonjaBlack,blocks,Light,,,"OffSet LED Light [e599e4](FHD)[-]"

hoodRangeLightSonjaVariableHelper,blocks,Light,,,"Powered Hood Range Variants [e599e4](FHD)[-]"
hoodRangeWhiteSonja,blocks,Light,,,"Powered Hood Range [e599e4](FHD)[-]"
hoodRangeYellowSonja,blocks,Light,,,"Powered Hood Range [e599e4](FHD)[-]"
hoodRangeGreenSonja,Light,,,"Powered Hood Range [e599e4](FHD)[-]"
hoodRangeGreySonja,blocks,Light,,,"Powered Hood Range [e599e4](FHD)[-]"
hoodRangeBlackSonja,blocks,Light,,,"Powered Hood Range [e599e4](FHD)[-]"
hoodRangeWhiteOffsetSonja,blocks,Light,,,"Powered Hood Range OffSet [e599e4](FHD)[-]"
hoodRangeYellowOffsetSonja,blocks,Light,,,"Powered Hood Range OffSet [e599e4](FHD)[-]"
hoodRangeGreenOffsetSonja,blocks,Light,,,"Powered Hood Range OffSet [e599e4](FHD)[-]"
hoodRangeGreyOffsetSonja,blocks,Light,,,"Powered Hood Range OffSet [e599e4](FHD)[-]"
hoodRangeBlackOffsetSonja,blocks,Light,,,"Powered Hood Range OffSet [e599e4](FHD)[-]"

recessedLightSonjaVariantHelper,blocks,Light,,,"Recessed Light Variants [e599e4](FHD)[-]"
recessedLightSonja,blocks,Light,,,"Recessed Light [e599e4](FHD)[-]"
recessedLight2x2Sonja,blocks,Light,,,"Recessed Light 2x2 [e599e4](FHD)[-]"
recessedLightOffsetSonja,blocks,Light,,,"Recessed Light OffSet [e599e4](FHD)[-]"
recessedLight2x2OffsetSonja,blocks,Light,,,"Recessed Light 2x2 OffSet [e599e4](FHD)[-]"

miscLampLightSonjaVariantHelper,blocks,Light,,,"Misc Light Variants [e599e4](FHD)[-]"
ceilingFanLightSonja,blocks,Light,,,"Ceiling Fan Light [e599e4](FHD)[-]"
ceilingLight02Sonja,blocks,Light,,,"Ceiling Light [e599e4](FHD)[-]"
ceilingLight02BrassSonja,blocks,Light,,,"Ceiling Brass Light [e599e4](FHD)[-]"
ceilingLight04Sonja,blocks,Light,,,"Ceiling Light [e599e4](FHD)[-]"
ceilingLight05Sonja,blocks,Light,,,"Ceiling Glass Light [e599e4](FHD)[-]"
ceilingLight05BrassSonja,blocks,Light,,,"Ceiling Brass Glass Light [e599e4](FHD)[-]"
sconce1LightShadowSonja,blocks,Light,,,"Sconce Light [e599e4](FHD)[-]"
trackLightSonja,blocks,Light,,,"Track Light [e599e4](FHD)[-]"
chandelierLightSonja,blocks,Light,,,"Powered Chandelier [e599e4](FHD)[-]"
workLightSonja,blocks,Light,,,"Working Light [e599e4](FHD)[-]"

deskLampLightSonjaVariantHelper,blocks,Light,,,"Desk Lamp Variants [e599e4](FHD)[-]"
deskLampLight02WhiteSonja,blocks,Light,,,"Desk Lamp [e599e4](FHD)[-]"
deskLampLight02BrownSonja,blocks,Light,,,"Desk Lamp [e599e4](FHD)[-]"
deskLampLight02RedSonja,blocks,Light,,,"Desk Lamp [e599e4](FHD)[-]"
deskLampLight02OrangeSonja,blocks,Light,,,"Desk Lamp [e599e4](FHD)[-]"
deskLampLight02YellowSonja,blocks,Light,,,"Desk Lamp [e599e4](FHD)[-]"
deskLampLight02GreenSonja,blocks,Light,,,"Desk Lamp [e599e4](FHD)[-]"
deskLampLight02BlueSonja,blocks,Light,,,"Desk Lamp [e599e4](FHD)[-]"
deskLampLight02BPurpleSonja,blocks,Light,,,"Desk Lamp [e599e4](FHD)[-]"
deskLampLight02BGreySonja,blocks,Light,,,"Desk Lamp [e599e4](FHD)[-]"
deskLampLight02BlackSonja,blocks,Light,,,"Desk Lamp [e599e4](FHD)[-]"
deskLampLight02PinkSonja,blocks,Light,,,"Desk Lamp [e599e4](FHD)[-]"
deskLampLight01Sonja,blocks,Light,,,"Brass Desk Lamp [e599e4](FHD)[-]"

fluorescentLampLightSonjaVariantHelper,blocks,Light,,,"Fluorescent Lamp Variants [e599e4](FHD)[-]"
fluorescentLight01Sonja,blocks,Light,,,"Fluorescent Lamp [e599e4](FHD)[-]"
fluorescentLight02Sonja,blocks,Light,,,"Fluorescent Lamp [e599e4](FHD)[-]"
fluorescentLight03Sonja,blocks,Light,,,"Fluorescent Lamp [e599e4](FHD)[-]"

porchLampLight01SonjaVariantHelper,blocks,Light,,,"Porch Light Variants [e599e4](FHD)[-]"
porchLight01Sonja,blocks,Light,,,"Porch Light [e599e4](FHD)[-]"
porchLight01BrownSonja,blocks,Light,,,"Porch Light [e599e4](FHD)[-]"
porchLight01BrassSonja,blocks,Light,,,"Porch Light [e599e4](FHD)[-]"
porchLight01GreenSonja,blocks,Light,,,"Porch Light [e599e4](FHD)[-]"
porchLight01GreySonja,blocks,Light,,,"Porch Light [e599e4](FHD)[-]"
porchLight01BlackSonja,blocks,Light,,,"Porch Light [e599e4](FHD)[-]"
porchLight01RedSonja,blocks,Light,,,"Porch Light [e599e4](FHD)[-]"
porchLight01OrangeSonja,blocks,Light,,,"Porch Light [e599e4](FHD)[-]"
porchLight01BlueSonja,blocks,Light,,,"Porch Light [e599e4](FHD)[-]"

lampLightGooseSonjaVariantHelper,blocks,Light,,,"Goose Lamp Variants [e599e4](FHD)[-]"
lampLightGooseSonja,blocks,Light,,,"Goose Lamp [e599e4](FHD)[-]"
lampLightGooseBrownSonja,blocks,Light,,,"Goose Lamp [e599e4](FHD)[-]"
lampLightGooseRedSonja,blocks,Light,,,"Goose Lamp [e599e4](FHD)[-]"
lampLightGooseOrangeSonja,blocks,Light,,,"Goose Lamp [e599e4](FHD)[-]"
lampLightGooseYellowSonja,blocks,Light,,,"Goose Lamp [e599e4](FHD)[-]"
lampLightGooseGreenSonja,blocks,Light,,,"Goose Lamp [e599e4](FHD)[-]"
lampLightGooseBlueSonja,blocks,Light,,,"Goose Lamp [e599e4](FHD)[-]"
lampLightGoosePurpleSonja,blocks,Light,,,"Goose Lamp [e599e4](FHD)[-]"
lampLightGooseGreySonja,blocks,Light,,,"Goose Lamp [e599e4](FHD)[-]"
lampLightGooseBlackSonja,blocks,Light,,,"Goose Lamp [e599e4](FHD)[-]"
lampLightGoosePinkSonja,blocks,Light,,,"Goose Lamp [e599e4](FHD)[-]"
lampLightGooseArmyGreenSonja,blocks,Light,,,"Goose Lamp [e599e4](FHD)[-]"

neonSignSonjaVariantHelper,blocks,Light,,,"Neon Sign Variants [e599e4](FHD)[-]"

hydroponicsSonjaVariantHelper,blocks,Light,,,"Hydroponics Variants [e599e4](FHD)[-]"